年月日,曜,1,2,3,4,5,6,7,8,9,10,11,12,13,14,15,16,17
2019/4/1,月,可燃,可燃,可燃,可燃,可燃,可燃,可燃,可燃,可燃,他プラ,資源,資源,資源,,,不燃,リプラ
2019/4/2,火,他プラ,他プラ,資源,資源,,,不燃,不燃,リプラ,可燃,可燃,可燃,可燃,可燃,可燃,可燃,可燃
2019/4/3,水,リプラ,リプラ,不燃,リプラ,資源,他プラ,リプラ,リプラ,不燃,,,リプラ,リプラ,他プラ,リプラ,リプラ,不燃
2019/4/4,木,可燃,可燃,可燃,可燃,可燃,可燃,可燃,可燃,可燃,リプラ,リプラ,,不燃,リプラ,他プラ,資源,他プラ
2019/4/5,金,,不燃,リプラ,,リプラ,リプラ,他プラ,資源,資源,可燃,可燃,可燃,可燃,可燃,可燃,可燃,可燃
2019/4/6,土,,,,,,,,,,,,,,,,,
2019/4/7,日,,,,,,,,,,,,,,,,,
2019/4/8,月,可燃,可燃,可燃,可燃,可燃,可燃,可燃,可燃,可燃,資源,他プラ,他プラ,他プラ,不燃,不燃,,リプラ
2019/4/9,火,資源,資源,他プラ,他プラ,不燃,不燃,,,リプラ,可燃,可燃,可燃,可燃,可燃,可燃,可燃,可燃
2019/4/10,水,リプラ,リプラ,,リプラ,他プラ,資源,リプラ,リプラ,,不燃,不燃,リプラ,リプラ,資源,リプラ,リプラ,
2019/4/11,木,可燃,可燃,可燃,可燃,可燃,可燃,可燃,可燃,可燃,リプラ,リプラ,不燃,,リプラ,資源,他プラ,資源
2019/4/12,金,不燃,,リプラ,不燃,リプラ,リプラ,資源,他プラ,他プラ,可燃,可燃,可燃,可燃,可燃,可燃,可燃,可燃
2019/4/13,土,,,,,,,,,,,,,,,,,
2019/4/14,日,,,,,,,,,,,,,,,,,
2019/4/15,月,可燃,可燃,可燃,可燃,可燃,可燃,可燃,可燃,可燃,他プラ,資源,資源,資源,,,不燃,リプラ
2019/4/16,火,他プラ,他プラ,資源,資源,,,不燃,不燃,リプラ,可燃,可燃,可燃,可燃,可燃,可燃,可燃,可燃
2019/4/17,水,リプラ,リプラ,不燃,リプラ,資源,他プラ,リプラ,リプラ,不燃,,,リプラ,リプラ,他プラ,リプラ,リプラ,不燃
2019/4/18,木,可燃,可燃,可燃,可燃,可燃,可燃,可燃,可燃,可燃,リプラ,リプラ,,不燃,リプラ,他プラ,資源,他プラ
2019/4/19,金,,不燃,リプラ,,リプラ,リプラ,他プラ,資源,資源,可燃,可燃,可燃,可燃,可燃,可燃,可燃,可燃
2019/4/20,土,,,,,,,,,,,,,,,,,
2019/4/21,日,,,,,,,,,,,,,,,,,
2019/4/22,月,可燃,可燃,可燃,可燃,可燃,可燃,可燃,可燃,可燃,資源,他プラ,他プラ,他プラ,不燃,不燃,,リプラ
2019/4/23,火,資源,資源,他プラ,他プラ,不燃,不燃,,,リプラ,可燃,可燃,可燃,可燃,可燃,可燃,可燃,可燃
2019/4/24,水,リプラ,リプラ,,リプラ,他プラ,資源,リプラ,リプラ,,不燃,不燃,リプラ,リプラ,資源,リプラ,リプラ,
2019/4/25,木,可燃,可燃,可燃,可燃,可燃,可燃,可燃,可燃,可燃,リプラ,リプラ,不燃,,リプラ,資源,他プラ,資源
2019/4/26,金,不燃,,リプラ,不燃,リプラ,リプラ,資源,他プラ,他プラ,可燃,可燃,可燃,可燃,可燃,可燃,可燃,可燃
2019/4/27,土,,,,,,,,,,,,,,,,,
2019/4/28,日,,,,,,,,,,,,,,,,,
2019/4/29,月,可燃,可燃,可燃,可燃,可燃,可燃,可燃,可燃,可燃,,,,,,,,リプラ
2019/4/30,火,,,,,,,,,リプラ,可燃,可燃,可燃,可燃,可燃,可燃,可燃,可燃
2019/5/1,水,,,不燃,,資源,他プラ,,,不燃,,,,,他プラ,,,不燃
2019/5/2,木,,,,,,,,,,,,,不燃,,他プラ,資源,他プラ
2019/5/3,金,,不燃,,,,,他プラ,資源,資源,,,,,,,,
2019/5/4,土,,,,,,,,,,,,,,,,,
2019/5/5,日,,,,,,,,,,,,,,,,,
2019/5/6,月,可燃,可燃,可燃,可燃,可燃,可燃,可燃,可燃,可燃,他プラ,資源,資源,資源,,,不燃,リプラ
2019/5/7,火,他プラ,他プラ,資源,資源,,,不燃,不燃,リプラ,可燃,可燃,可燃,可燃,可燃,可燃,可燃,可燃
2019/5/8,水,リプラ,リプラ,,リプラ,他プラ,資源,リプラ,リプラ,,不燃,不燃,リプラ,リプラ,資源,リプラ,リプラ,
2019/5/9,木,可燃,可燃,可燃,可燃,可燃,可燃,可燃,可燃,可燃,リプラ,リプラ,不燃,,リプラ,資源,他プラ,資源
2019/5/10,金,不燃,,リプラ,不燃,リプラ,リプラ,資源,他プラ,他プラ,可燃,可燃,可燃,可燃,可燃,可燃,可燃,可燃
2019/5/11,土,,,,,,,,,,,,,,,,,
2019/5/12,日,,,,,,,,,,,,,,,,,
2019/5/13,月,可燃,可燃,可燃,可燃,可燃,可燃,可燃,可燃,可燃,資源,他プラ,他プラ,他プラ,不燃,不燃,,リプラ
2019/5/14,火,資源,資源,他プラ,他プラ,不燃,不燃,,,リプラ,可燃,可燃,可燃,可燃,可燃,可燃,可燃,可燃
2019/5/15,水,リプラ,リプラ,不燃,リプラ,資源,他プラ,リプラ,リプラ,不燃,,,リプラ,リプラ,他プラ,リプラ,リプラ,不燃
2019/5/16,木,可燃,可燃,可燃,可燃,可燃,可燃,可燃,可燃,可燃,リプラ,リプラ,,不燃,リプラ,他プラ,資源,他プラ
2019/5/17,金,,不燃,リプラ,,リプラ,リプラ,他プラ,資源,資源,可燃,可燃,可燃,可燃,可燃,可燃,可燃,可燃
2019/5/18,土,,,,,,,,,,,,,,,,,
2019/5/19,日,,,,,,,,,,,,,,,,,
2019/5/20,月,可燃,可燃,可燃,可燃,可燃,可燃,可燃,可燃,可燃,他プラ,資源,資源,資源,,,不燃,リプラ
2019/5/21,火,他プラ,他プラ,資源,資源,,,不燃,不燃,リプラ,可燃,可燃,可燃,可燃,可燃,可燃,可燃,可燃
2019/5/22,水,リプラ,リプラ,,リプラ,他プラ,資源,リプラ,リプラ,,不燃,不燃,リプラ,リプラ,資源,リプラ,リプラ,
2019/5/23,木,可燃,可燃,可燃,可燃,可燃,可燃,可燃,可燃,可燃,リプラ,リプラ,不燃,,リプラ,資源,他プラ,資源
2019/5/24,金,不燃,,リプラ,不燃,リプラ,リプラ,資源,他プラ,他プラ,可燃,可燃,可燃,可燃,可燃,可燃,可燃,可燃
2019/5/25,土,,,,,,,,,,,,,,,,,
2019/5/26,日,,,,,,,,,,,,,,,,,
2019/5/27,月,可燃,可燃,可燃,可燃,可燃,可燃,可燃,可燃,可燃,資源,他プラ,他プラ,他プラ,不燃,不燃,,リプラ
2019/5/28,火,資源,資源,他プラ,他プラ,不燃,不燃,,,リプラ,可燃,可燃,可燃,可燃,可燃,可燃,可燃,可燃
2019/5/29,水,リプラ,リプラ,,リプラ,,,リプラ,リプラ,,,,リプラ,リプラ,,リプラ,リプラ,
2019/5/30,木,可燃,可燃,可燃,可燃,可燃,可燃,可燃,可燃,可燃,リプラ,リプラ,,,リプラ,,,
2019/5/31,金,,,リプラ,,リプラ,リプラ,,,,可燃,可燃,可燃,可燃,可燃,可燃,可燃,可燃
2019/6/1,土,,,,,,,,,,,,,,,,,
2019/6/2,日,,,,,,,,,,,,,,,,,
2019/6/3,月,可燃,可燃,可燃,可燃,可燃,可燃,可燃,可燃,可燃,他プラ,資源,資源,資源,,,不燃,リプラ
2019/6/4,火,他プラ,他プラ,資源,資源,,,不燃,不燃,リプラ,可燃,可燃,可燃,可燃,可燃,可燃,可燃,可燃
2019/6/5,水,リプラ,リプラ,不燃,リプラ,資源,他プラ,リプラ,リプラ,不燃,,,リプラ,リプラ,他プラ,リプラ,リプラ,不燃
2019/6/6,木,可燃,可燃,可燃,可燃,可燃,可燃,可燃,可燃,可燃,リプラ,リプラ,,不燃,リプラ,他プラ,資源,他プラ
2019/6/7,金,,不燃,リプラ,,リプラ,リプラ,他プラ,資源,資源,可燃,可燃,可燃,可燃,可燃,可燃,可燃,可燃
2019/6/8,土,,,,,,,,,,,,,,,,,
2019/6/9,日,,,,,,,,,,,,,,,,,
2019/6/10,月,可燃,可燃,可燃,可燃,可燃,可燃,可燃,可燃,可燃,資源,他プラ,他プラ,他プラ,不燃,不燃,,リプラ
2019/6/11,火,資源,資源,他プラ,他プラ,不燃,不燃,,,リプラ,可燃,可燃,可燃,可燃,可燃,可燃,可燃,可燃
2019/6/12,水,リプラ,リプラ,,リプラ,他プラ,資源,リプラ,リプラ,,不燃,不燃,リプラ,リプラ,資源,リプラ,リプラ,
2019/6/13,木,可燃,可燃,可燃,可燃,可燃,可燃,可燃,可燃,可燃,リプラ,リプラ,不燃,,リプラ,資源,他プラ,資源
2019/6/14,金,不燃,,リプラ,不燃,リプラ,リプラ,資源,他プラ,他プラ,可燃,可燃,可燃,可燃,可燃,可燃,可燃,可燃
2019/6/15,土,,,,,,,,,,,,,,,,,
2019/6/16,日,,,,,,,,,,,,,,,,,
2019/6/17,月,可燃,可燃,可燃,可燃,可燃,可燃,可燃,可燃,可燃,他プラ,資源,資源,資源,,,不燃,リプラ
2019/6/18,火,他プラ,他プラ,資源,資源,,,不燃,不燃,リプラ,可燃,可燃,可燃,可燃,可燃,可燃,可燃,可燃
2019/6/19,水,リプラ,リプラ,不燃,リプラ,資源,他プラ,リプラ,リプラ,不燃,,,リプラ,リプラ,他プラ,リプラ,リプラ,不燃
2019/6/20,木,可燃,可燃,可燃,可燃,可燃,可燃,可燃,可燃,可燃,リプラ,リプラ,,不燃,リプラ,他プラ,資源,他プラ
2019/6/21,金,,不燃,リプラ,,リプラ,リプラ,他プラ,資源,資源,可燃,可燃,可燃,可燃,可燃,可燃,可燃,可燃
2019/6/22,土,,,,,,,,,,,,,,,,,
2019/6/23,日,,,,,,,,,,,,,,,,,
2019/6/24,月,可燃,可燃,可燃,可燃,可燃,可燃,可燃,可燃,可燃,資源,他プラ,他プラ,他プラ,不燃,不燃,,リプラ
2019/6/25,火,資源,資源,他プラ,他プラ,不燃,不燃,,,リプラ,可燃,可燃,可燃,可燃,可燃,可燃,可燃,可燃
2019/6/26,水,リプラ,リプラ,,リプラ,他プラ,資源,リプラ,リプラ,,不燃,不燃,リプラ,リプラ,資源,リプラ,リプラ,
2019/6/27,木,可燃,可燃,可燃,可燃,可燃,可燃,可燃,可燃,可燃,リプラ,リプラ,不燃,,リプラ,資源,他プラ,資源
2019/6/28,金,不燃,,リプラ,不燃,リプラ,リプラ,資源,他プラ,他プラ,可燃,可燃,可燃,可燃,可燃,可燃,可燃,可燃
2019/6/29,土,,,,,,,,,,,,,,,,,
2019/6/30,日,,,,,,,,,,,,,,,,,
2019/7/1,月,可燃,可燃,可燃,可燃,可燃,可燃,可燃,可燃,可燃,他プラ,資源,資源,資源,,,不燃,リプラ
2019/7/2,火,他プラ,他プラ,資源,資源,,,不燃,不燃,リプラ,可燃,可燃,可燃,可燃,可燃,可燃,可燃,可燃
2019/7/3,水,リプラ,リプラ,不燃,リプラ,資源,他プラ,リプラ,リプラ,不燃,,,リプラ,リプラ,他プラ,リプラ,リプラ,不燃
2019/7/4,木,可燃,可燃,可燃,可燃,可燃,可燃,可燃,可燃,可燃,リプラ,リプラ,,不燃,リプラ,他プラ,資源,他プラ
2019/7/5,金,,不燃,リプラ,,リプラ,リプラ,他プラ,資源,資源,可燃,可燃,可燃,可燃,可燃,可燃,可燃,可燃
2019/7/6,土,,,,,,,,,,,,,,,,,
2019/7/7,日,,,,,,,,,,,,,,,,,
2019/7/8,月,可燃,可燃,可燃,可燃,可燃,可燃,可燃,可燃,可燃,資源,他プラ,他プラ,他プラ,不燃,不燃,,リプラ
2019/7/9,火,資源,資源,他プラ,他プラ,不燃,不燃,,,リプラ,可燃,可燃,可燃,可燃,可燃,可燃,可燃,可燃
2019/7/10,水,リプラ,リプラ,,リプラ,他プラ,資源,リプラ,リプラ,,不燃,不燃,リプラ,リプラ,資源,リプラ,リプラ,
2019/7/11,木,可燃,可燃,可燃,可燃,可燃,可燃,可燃,可燃,可燃,リプラ,リプラ,不燃,,リプラ,資源,他プラ,資源
2019/7/12,金,不燃,,リプラ,不燃,リプラ,リプラ,資源,他プラ,他プラ,可燃,可燃,可燃,可燃,可燃,可燃,可燃,可燃
2019/7/13,土,,,,,,,,,,,,,,,,,
2019/7/14,日,,,,,,,,,,,,,,,,,
2019/7/15,月,可燃,可燃,可燃,可燃,可燃,可燃,可燃,可燃,可燃,他プラ,資源,資源,資源,,,不燃,リプラ
2019/7/16,火,他プラ,他プラ,資源,資源,,,不燃,不燃,リプラ,可燃,可燃,可燃,可燃,可燃,可燃,可燃,可燃
2019/7/17,水,リプラ,リプラ,不燃,リプラ,資源,他プラ,リプラ,リプラ,不燃,,,リプラ,リプラ,他プラ,リプラ,リプラ,不燃
2019/7/18,木,可燃,可燃,可燃,可燃,可燃,可燃,可燃,可燃,可燃,リプラ,リプラ,,不燃,リプラ,他プラ,資源,他プラ
2019/7/19,金,,不燃,リプラ,,リプラ,リプラ,他プラ,資源,資源,可燃,可燃,可燃,可燃,可燃,可燃,可燃,可燃
2019/7/20,土,,,,,,,,,,,,,,,,,
2019/7/21,日,,,,,,,,,,,,,,,,,
2019/7/22,月,可燃,可燃,可燃,可燃,可燃,可燃,可燃,可燃,可燃,資源,他プラ,他プラ,他プラ,不燃,不燃,,リプラ
2019/7/23,火,資源,資源,他プラ,他プラ,不燃,不燃,,,リプラ,可燃,可燃,可燃,可燃,可燃,可燃,可燃,可燃
2019/7/24,水,リプラ,リプラ,,リプラ,他プラ,資源,リプラ,リプラ,,不燃,不燃,リプラ,リプラ,資源,リプラ,リプラ,
2019/7/25,木,可燃,可燃,可燃,可燃,可燃,可燃,可燃,可燃,可燃,リプラ,リプラ,不燃,,リプラ,資源,他プラ,資源
2019/7/26,金,不燃,,リプラ,不燃,リプラ,リプラ,資源,他プラ,他プラ,可燃,可燃,可燃,可燃,可燃,可燃,可燃,可燃
2019/7/27,土,,,,,,,,,,,,,,,,,
2019/7/28,日,,,,,,,,,,,,,,,,,
2019/7/29,月,可燃,可燃,可燃,可燃,可燃,可燃,可燃,可燃,可燃,,,,,,,,リプラ
2019/7/30,火,,,,,,,,,リプラ,可燃,可燃,可燃,可燃,可燃,可燃,可燃,可燃
2019/7/31,水,リプラ,リプラ,,リプラ,,,リプラ,リプラ,,,,リプラ,リプラ,,リプラ,リプラ,
2019/8/1,木,可燃,可燃,可燃,可燃,可燃,可燃,可燃,可燃,可燃,リプラ,リプラ,,不燃,リプラ,他プラ,資源,他プラ
2019/8/2,金,,不燃,リプラ,,リプラ,リプラ,他プラ,資源,資源,可燃,可燃,可燃,可燃,可燃,可燃,可燃,可燃
2019/8/3,土,,,,,,,,,,,,,,,,,
2019/8/4,日,,,,,,,,,,,,,,,,,
2019/8/5,月,可燃,可燃,可燃,可燃,可燃,可燃,可燃,可燃,可燃,他プラ,資源,資源,資源,,,不燃,リプラ
2019/8/6,火,他プラ,他プラ,資源,資源,,,不燃,不燃,リプラ,可燃,可燃,可燃,可燃,可燃,可燃,可燃,可燃
2019/8/7,水,リプラ,リプラ,不燃,リプラ,資源,他プラ,リプラ,リプラ,不燃,,,リプラ,リプラ,他プラ,リプラ,リプラ,不燃
2019/8/8,木,可燃,可燃,可燃,可燃,可燃,可燃,可燃,可燃,可燃,リプラ,リプラ,不燃,,リプラ,資源,他プラ,資源
2019/8/9,金,不燃,,リプラ,不燃,リプラ,リプラ,資源,他プラ,他プラ,可燃,可燃,可燃,可燃,可燃,可燃,可燃,可燃
2019/8/10,土,,,,,,,,,,,,,,,,,
2019/8/11,日,,,,,,,,,,,,,,,,,
2019/8/12,月,可燃,可燃,可燃,可燃,可燃,可燃,可燃,可燃,可燃,資源,他プラ,他プラ,他プラ,不燃,不燃,,リプラ
2019/8/13,火,資源,資源,他プラ,他プラ,不燃,不燃,,,リプラ,可燃,可燃,可燃,可燃,可燃,可燃,可燃,可燃
2019/8/14,水,リプラ,リプラ,,リプラ,他プラ,資源,リプラ,リプラ,,不燃,不燃,リプラ,リプラ,資源,リプラ,リプラ,
2019/8/15,木,可燃,可燃,可燃,可燃,可燃,可燃,可燃,可燃,可燃,リプラ,リプラ,,不燃,リプラ,他プラ,資源,他プラ
2019/8/16,金,,不燃,リプラ,,リプラ,リプラ,他プラ,資源,資源,可燃,可燃,可燃,可燃,可燃,可燃,可燃,可燃
2019/8/17,土,,,,,,,,,,,,,,,,,
2019/8/18,日,,,,,,,,,,,,,,,,,
2019/8/19,月,可燃,可燃,可燃,可燃,可燃,可燃,可燃,可燃,可燃,他プラ,資源,資源,資源,,,不燃,リプラ
2019/8/20,火,他プラ,他プラ,資源,資源,,,不燃,不燃,リプラ,可燃,可燃,可燃,可燃,可燃,可燃,可燃,可燃
2019/8/21,水,リプラ,リプラ,不燃,リプラ,資源,他プラ,リプラ,リプラ,不燃,,,リプラ,リプラ,他プラ,リプラ,リプラ,不燃
2019/8/22,木,可燃,可燃,可燃,可燃,可燃,可燃,可燃,可燃,可燃,リプラ,リプラ,不燃,,リプラ,資源,他プラ,資源
2019/8/23,金,不燃,,リプラ,不燃,リプラ,リプラ,資源,他プラ,他プラ,可燃,可燃,可燃,可燃,可燃,可燃,可燃,可燃
2019/8/24,土,,,,,,,,,,,,,,,,,
2019/8/25,日,,,,,,,,,,,,,,,,,
2019/8/26,月,可燃,可燃,可燃,可燃,可燃,可燃,可燃,可燃,可燃,資源,他プラ,他プラ,他プラ,不燃,不燃,,リプラ
2019/8/27,火,資源,資源,他プラ,他プラ,不燃,不燃,,,リプラ,可燃,可燃,可燃,可燃,可燃,可燃,可燃,可燃
2019/8/28,水,リプラ,リプラ,,リプラ,他プラ,資源,リプラ,リプラ,,不燃,不燃,リプラ,リプラ,資源,リプラ,リプラ,
2019/8/29,木,可燃,可燃,可燃,可燃,可燃,可燃,可燃,可燃,可燃,リプラ,リプラ,,,リプラ,,,
2019/8/30,金,,,リプラ,,リプラ,リプラ,,,,可燃,可燃,可燃,可燃,可燃,可燃,可燃,可燃
2019/8/31,土,,,,,,,,,,,,,,,,,
2019/9/1,日,,,,,,,,,,,,,,,,,
2019/9/2,月,可燃,可燃,可燃,可燃,可燃,可燃,可燃,可燃,可燃,他プラ,資源,資源,資源,,,不燃,リプラ
2019/9/3,火,他プラ,他プラ,資源,資源,,,不燃,不燃,リプラ,可燃,可燃,可燃,可燃,可燃,可燃,可燃,可燃
2019/9/4,水,リプラ,リプラ,不燃,リプラ,資源,他プラ,リプラ,リプラ,不燃,,,リプラ,リプラ,他プラ,リプラ,リプラ,不燃
2019/9/5,木,可燃,可燃,可燃,可燃,可燃,可燃,可燃,可燃,可燃,リプラ,リプラ,,不燃,リプラ,他プラ,資源,他プラ
2019/9/6,金,,不燃,リプラ,,リプラ,リプラ,他プラ,資源,資源,可燃,可燃,可燃,可燃,可燃,可燃,可燃,可燃
2019/9/7,土,,,,,,,,,,,,,,,,,
2019/9/8,日,,,,,,,,,,,,,,,,,
2019/9/9,月,可燃,可燃,可燃,可燃,可燃,可燃,可燃,可燃,可燃,資源,他プラ,他プラ,他プラ,不燃,不燃,,リプラ
2019/9/10,火,資源,資源,他プラ,他プラ,不燃,不燃,,,リプラ,可燃,可燃,可燃,可燃,可燃,可燃,可燃,可燃
2019/9/11,水,リプラ,リプラ,,リプラ,他プラ,資源,リプラ,リプラ,,不燃,不燃,リプラ,リプラ,資源,リプラ,リプラ,
2019/9/12,木,可燃,可燃,可燃,可燃,可燃,可燃,可燃,可燃,可燃,リプラ,リプラ,不燃,,リプラ,資源,他プラ,資源
2019/9/13,金,不燃,,リプラ,不燃,リプラ,リプラ,資源,他プラ,他プラ,可燃,可燃,可燃,可燃,可燃,可燃,可燃,可燃
2019/9/14,土,,,,,,,,,,,,,,,,,
2019/9/15,日,,,,,,,,,,,,,,,,,
2019/9/16,月,可燃,可燃,可燃,可燃,可燃,可燃,可燃,可燃,可燃,他プラ,資源,資源,資源,,,不燃,リプラ
2019/9/17,火,他プラ,他プラ,資源,資源,,,不燃,不燃,リプラ,可燃,可燃,可燃,可燃,可燃,可燃,可燃,可燃
2019/9/18,水,リプラ,リプラ,不燃,リプラ,資源,他プラ,リプラ,リプラ,不燃,,,リプラ,リプラ,他プラ,リプラ,リプラ,不燃
2019/9/19,木,可燃,可燃,可燃,可燃,可燃,可燃,可燃,可燃,可燃,リプラ,リプラ,,不燃,リプラ,他プラ,資源,他プラ
2019/9/20,金,,不燃,リプラ,,リプラ,リプラ,他プラ,資源,資源,可燃,可燃,可燃,可燃,可燃,可燃,可燃,可燃
2019/9/21,土,,,,,,,,,,,,,,,,,
2019/9/22,日,,,,,,,,,,,,,,,,,
2019/9/23,月,可燃,可燃,可燃,可燃,可燃,可燃,可燃,可燃,可燃,資源,他プラ,他プラ,他プラ,不燃,不燃,,リプラ
2019/9/24,火,資源,資源,他プラ,他プラ,不燃,不燃,,,リプラ,可燃,可燃,可燃,可燃,可燃,可燃,可燃,可燃
2019/9/25,水,リプラ,リプラ,,リプラ,他プラ,資源,リプラ,リプラ,,不燃,不燃,リプラ,リプラ,資源,リプラ,リプラ,
2019/9/26,木,可燃,可燃,可燃,可燃,可燃,可燃,可燃,可燃,可燃,リプラ,リプラ,不燃,,リプラ,資源,他プラ,資源
2019/9/27,金,不燃,,リプラ,不燃,リプラ,リプラ,資源,他プラ,他プラ,可燃,可燃,可燃,可燃,可燃,可燃,可燃,可燃
2019/9/28,土,,,,,,,,,,,,,,,,,
2019/9/29,日,,,,,,,,,,,,,,,,,
2019/9/30,月,可燃,可燃,可燃,可燃,可燃,可燃,可燃,可燃,可燃,,,,,,,,リプラ
2019/10/1,火,他プラ,他プラ,資源,資源,,,不燃,不燃,リプラ,可燃,可燃,可燃,可燃,可燃,可燃,可燃,可燃
2019/10/2,水,リプラ,リプラ,不燃,リプラ,資源,他プラ,リプラ,リプラ,不燃,,,リプラ,リプラ,他プラ,リプラ,リプラ,不燃
2019/10/3,木,可燃,可燃,可燃,可燃,可燃,可燃,可燃,可燃,可燃,リプラ,リプラ,,不燃,リプラ,他プラ,資源,他プラ
2019/10/4,金,,不燃,リプラ,,リプラ,リプラ,他プラ,資源,資源,可燃,可燃,可燃,可燃,可燃,可燃,可燃,可燃
2019/10/5,土,,,,,,,,,,,,,,,,,
2019/10/6,日,,,,,,,,,,,,,,,,,
2019/10/7,月,可燃,可燃,可燃,可燃,可燃,可燃,可燃,可燃,可燃,他プラ,資源,資源,資源,,,不燃,リプラ
2019/10/8,火,資源,資源,他プラ,他プラ,不燃,不燃,,,リプラ,可燃,可燃,可燃,可燃,可燃,可燃,可燃,可燃
2019/10/9,水,リプラ,リプラ,,リプラ,他プラ,資源,リプラ,リプラ,,不燃,不燃,リプラ,リプラ,資源,リプラ,リプラ,
2019/10/10,木,可燃,可燃,可燃,可燃,可燃,可燃,可燃,可燃,可燃,リプラ,リプラ,不燃,,リプラ,資源,他プラ,資源
2019/10/11,金,不燃,,リプラ,不燃,リプラ,リプラ,資源,他プラ,他プラ,可燃,可燃,可燃,可燃,可燃,可燃,可燃,可燃
2019/10/12,土,,,,,,,,,,,,,,,,,
2019/10/13,日,,,,,,,,,,,,,,,,,
2019/10/14,月,可燃,可燃,可燃,可燃,可燃,可燃,可燃,可燃,可燃,資源,他プラ,他プラ,他プラ,不燃,不燃,,リプラ
2019/10/15,火,他プラ,他プラ,資源,資源,,,不燃,不燃,リプラ,可燃,可燃,可燃,可燃,可燃,可燃,可燃,可燃
2019/10/16,水,リプラ,リプラ,不燃,リプラ,資源,他プラ,リプラ,リプラ,不燃,,,リプラ,リプラ,他プラ,リプラ,リプラ,不燃
2019/10/17,木,可燃,可燃,可燃,可燃,可燃,可燃,可燃,可燃,可燃,リプラ,リプラ,,不燃,リプラ,他プラ,資源,他プラ
2019/10/18,金,,不燃,リプラ,,リプラ,リプラ,他プラ,資源,資源,可燃,可燃,可燃,可燃,可燃,可燃,可燃,可燃
2019/10/19,土,,,,,,,,,,,,,,,,,
2019/10/20,日,,,,,,,,,,,,,,,,,
2019/10/21,月,可燃,可燃,可燃,可燃,可燃,可燃,可燃,可燃,可燃,他プラ,資源,資源,資源,,,不燃,リプラ
2019/10/22,火,資源,資源,他プラ,他プラ,不燃,不燃,,,リプラ,可燃,可燃,可燃,可燃,可燃,可燃,可燃,可燃
2019/10/23,水,リプラ,リプラ,,リプラ,他プラ,資源,リプラ,リプラ,,不燃,不燃,リプラ,リプラ,資源,リプラ,リプラ,
2019/10/24,木,可燃,可燃,可燃,可燃,可燃,可燃,可燃,可燃,可燃,リプラ,リプラ,不燃,,リプラ,資源,他プラ,資源
2019/10/25,金,不燃,,リプラ,不燃,リプラ,リプラ,資源,他プラ,他プラ,可燃,可燃,可燃,可燃,可燃,可燃,可燃,可燃
2019/10/26,土,,,,,,,,,,,,,,,,,
2019/10/27,日,,,,,,,,,,,,,,,,,
2019/10/28,月,可燃,可燃,可燃,可燃,可燃,可燃,可燃,可燃,可燃,資源,他プラ,他プラ,他プラ,不燃,不燃,,リプラ
2019/10/29,火,,,,,,,,,リプラ,可燃,可燃,可燃,可燃,可燃,可燃,可燃,可燃
2019/10/30,水,リプラ,リプラ,,リプラ,,,リプラ,リプラ,,,,リプラ,リプラ,,リプラ,リプラ,
2019/10/31,木,可燃,可燃,可燃,可燃,可燃,可燃,可燃,可燃,可燃,リプラ,リプラ,,,リプラ,,,
2019/11/1,金,,不燃,リプラ,,リプラ,リプラ,他プラ,資源,資源,可燃,可燃,可燃,可燃,可燃,可燃,可燃,可燃
2019/11/2,土,,,,,,,,,,,,,,,,,
2019/11/3,日,,,,,,,,,,,,,,,,,
2019/11/4,月,,,,,,,,,,他プラ,資源,資源,資源,,,不燃,
2019/11/5,火,他プラ,他プラ,資源,資源,,,不燃,不燃,リプラ,可燃,可燃,可燃,可燃,可燃,可燃,可燃,可燃
2019/11/6,水,リプラ,リプラ,不燃,リプラ,資源,他プラ,リプラ,リプラ,不燃,,,リプラ,リプラ,他プラ,リプラ,リプラ,不燃
2019/11/7,木,可燃,可燃,可燃,可燃,可燃,可燃,可燃,可燃,可燃,リプラ,リプラ,,不燃,リプラ,他プラ,資源,他プラ
2019/11/8,金,不燃,,リプラ,不燃,リプラ,リプラ,資源,他プラ,他プラ,可燃,可燃,可燃,可燃,可燃,可燃,可燃,可燃
2019/11/9,土,,,,,,,,,,,,,,,,,
2019/11/10,日,,,,,,,,,,,,,,,,,
2019/11/11,月,可燃,可燃,可燃,可燃,可燃,可燃,可燃,可燃,可燃,資源,他プラ,他プラ,他プラ,不燃,不燃,,リプラ
2019/11/12,火,資源,資源,他プラ,他プラ,不燃,不燃,,,リプラ,可燃,可燃,可燃,可燃,可燃,可燃,可燃,可燃
2019/11/13,水,リプラ,リプラ,,リプラ,他プラ,資源,リプラ,リプラ,,不燃,不燃,リプラ,リプラ,資源,リプラ,リプラ,
2019/11/14,木,可燃,可燃,可燃,可燃,可燃,可燃,可燃,可燃,可燃,リプラ,リプラ,不燃,,リプラ,資源,他プラ,資源
2019/11/15,金,,不燃,リプラ,,リプラ,リプラ,他プラ,資源,資源,可燃,可燃,可燃,可燃,可燃,可燃,可燃,可燃
2019/11/16,土,,,,,,,,,,,,,,,,,
2019/11/17,日,,,,,,,,,,,,,,,,,
2019/11/18,月,可燃,可燃,可燃,可燃,可燃,可燃,可燃,可燃,可燃,他プラ,資源,資源,資源,,,不燃,リプラ
2019/11/19,火,他プラ,他プラ,資源,資源,,,不燃,不燃,リプラ,可燃,可燃,可燃,可燃,可燃,可燃,可燃,可燃
2019/11/20,水,リプラ,リプラ,不燃,リプラ,資源,他プラ,リプラ,リプラ,不燃,,,リプラ,リプラ,他プラ,リプラ,リプラ,不燃
2019/11/21,木,可燃,可燃,可燃,可燃,可燃,可燃,可燃,可燃,可燃,リプラ,リプラ,,不燃,リプラ,他プラ,資源,他プラ
2019/11/22,金,不燃,,リプラ,不燃,リプラ,リプラ,資源,他プラ,他プラ,可燃,可燃,可燃,可燃,可燃,可燃,可燃,可燃
2019/11/23,土,,,,,,,,,,,,,,,,,
2019/11/24,日,,,,,,,,,,,,,,,,,
2019/11/25,月,可燃,可燃,可燃,可燃,可燃,可燃,可燃,可燃,可燃,資源,他プラ,他プラ,他プラ,不燃,不燃,,リプラ
2019/11/26,火,資源,資源,他プラ,他プラ,不燃,不燃,,,リプラ,可燃,可燃,可燃,可燃,可燃,可燃,可燃,可燃
2019/11/27,水,リプラ,リプラ,,リプラ,他プラ,資源,リプラ,リプラ,,不燃,不燃,リプラ,リプラ,資源,リプラ,リプラ,
2019/11/28,木,可燃,可燃,可燃,可燃,可燃,可燃,可燃,可燃,可燃,リプラ,リプラ,不燃,,リプラ,資源,他プラ,資源
2019/11/29,金,,,リプラ,,リプラ,リプラ,,,,可燃,可燃,可燃,可燃,可燃,可燃,可燃,可燃
2019/11/30,土,,,,,,,,,,,,,,,,,
2019/12/1,日,,,,,,,,,,,,,,,,,
2019/12/2,月,可燃,可燃,可燃,可燃,可燃,可燃,可燃,可燃,可燃,他プラ,資源,資源,資源,,,不燃,リプラ
2019/12/3,火,他プラ,他プラ,資源,資源,,,不燃,不燃,リプラ,可燃,可燃,可燃,可燃,可燃,可燃,可燃,可燃
2019/12/4,水,リプラ,リプラ,不燃,リプラ,資源,他プラ,リプラ,リプラ,不燃,,,リプラ,リプラ,他プラ,リプラ,リプラ,不燃
2019/12/5,木,可燃,可燃,可燃,可燃,可燃,可燃,可燃,可燃,可燃,リプラ,リプラ,,不燃,リプラ,他プラ,資源,他プラ
2019/12/6,金,,不燃,リプラ,,リプラ,リプラ,他プラ,資源,資源,可燃,可燃,可燃,可燃,可燃,可燃,可燃,可燃
2019/12/7,土,,,,,,,,,,,,,,,,,
2019/12/8,日,,,,,,,,,,,,,,,,,
2019/12/9,月,可燃,可燃,可燃,可燃,可燃,可燃,可燃,可燃,可燃,資源,他プラ,他プラ,他プラ,不燃,不燃,,リプラ
2019/12/10,火,資源,資源,他プラ,他プラ,不燃,不燃,,,リプラ,可燃,可燃,可燃,可燃,可燃,可燃,可燃,可燃
2019/12/11,水,リプラ,リプラ,,リプラ,他プラ,資源,リプラ,リプラ,,不燃,不燃,リプラ,リプラ,資源,リプラ,リプラ,
2019/12/12,木,可燃,可燃,可燃,可燃,可燃,可燃,可燃,可燃,可燃,リプラ,リプラ,不燃,,リプラ,資源,他プラ,資源
2019/12/13,金,不燃,,リプラ,不燃,リプラ,リプラ,資源,他プラ,他プラ,可燃,可燃,可燃,可燃,可燃,可燃,可燃,可燃
2019/12/14,土,,,,,,,,,,,,,,,,,
2019/12/15,日,,,,,,,,,,,,,,,,,
2019/12/16,月,可燃,可燃,可燃,可燃,可燃,可燃,可燃,可燃,可燃,他プラ,資源,資源,資源,,,不燃,リプラ
2019/12/17,火,他プラ,他プラ,資源,資源,,,不燃,不燃,リプラ,可燃,可燃,可燃,可燃,可燃,可燃,可燃,可燃
2019/12/18,水,リプラ,リプラ,不燃,リプラ,資源,他プラ,リプラ,リプラ,不燃,,,リプラ,リプラ,他プラ,リプラ,リプラ,
2019/12/19,木,可燃,可燃,可燃,可燃,可燃,可燃,可燃,可燃,可燃,リプラ,リプラ,,不燃,リプラ,他プラ,資源,他プラ
2019/12/20,金,,不燃,リプラ,,リプラ,リプラ,他プラ,資源,資源,可燃,可燃,可燃,可燃,可燃,可燃,可燃,可燃
2019/12/21,土,,,,,,,,,,,,,,,,,
2019/12/22,日,,,,,,,,,,,,,,,,,
2019/12/23,月,可燃,可燃,可燃,可燃,可燃,可燃,可燃,可燃,可燃,資源,他プラ,他プラ,他プラ,不燃,不燃,,リプラ
2019/12/24,火,資源,資源,他プラ,他プラ,不燃,不燃,,,リプラ,可燃,可燃,可燃,可燃,可燃,可燃,可燃,可燃
2019/12/25,水,リプラ,リプラ,,リプラ,他プラ,資源,リプラ,リプラ,,不燃,不燃,リプラ,リプラ,資源,リプラ,リプラ,不燃
2019/12/26,木,可燃,可燃,可燃,可燃,可燃,可燃,可燃,可燃,可燃,リプラ,リプラ,不燃,,リプラ,資源,他プラ,資源
2019/12/27,金,不燃,,リプラ,不燃,リプラ,リプラ,資源,他プラ,他プラ,可燃,可燃,可燃,可燃,可燃,可燃,可燃,可燃
2019/12/28,土,,,,,,,,,,,,,,,,,
2019/12/29,日,,,,,,,,,,,,,,,,,
2019/12/30,月,可燃,可燃,可燃,可燃,可燃,可燃,可燃,可燃,可燃,,,,,,,,リプラ
2019/12/31,火,,,,,,,,,,,,,,,,,
2020/1/1,水,,,,,,,,,,,,,,,,,
2020/1/2,木,,,,,,,,,,,,,,,,,
2020/1/3,金,,,,,,,,,,,,,,,,,
2020/1/4,土,,,リプラ,,リプラ,リプラ,,,,可燃,可燃,可燃,可燃,可燃,可燃,可燃,可燃
2020/1/5,日,,,,,,,,,,,,,,,,,
2020/1/6,月,可燃,可燃,可燃,可燃,可燃,可燃,可燃,可燃,可燃,他プラ,資源,資源,資源,他プラ,他プラ,不燃,リプラ
2020/1/7,火,他プラ,他プラ,資源,資源,他プラ,他プラ,不燃,不燃,リプラ,可燃,可燃,可燃,可燃,可燃,可燃,可燃,可燃
2020/1/8,水,リプラ,リプラ,不燃,リプラ,資源,資源,リプラ,リプラ,不燃,不燃,不燃,リプラ,リプラ,資源,リプラ,リプラ,他プラ
2020/1/9,木,可燃,可燃,可燃,可燃,可燃,可燃,可燃,可燃,可燃,リプラ,リプラ,不燃,不燃,リプラ,資源,資源,資源
2020/1/10,金,不燃,不燃,リプラ,不燃,リプラ,リプラ,他プラ,資源,資源,可燃,可燃,可燃,可燃,可燃,可燃,可燃,可燃
2020/1/11,土,,,,,,,,,,,,,,,,,
2020/1/12,日,,,,,,,,,,,,,,,,,
2020/1/13,月,可燃,可燃,可燃,可燃,可燃,可燃,可燃,可燃,可燃,資源,他プラ,他プラ,他プラ,不燃,不燃,他プラ,リプラ
2020/1/14,火,資源,資源,他プラ,他プラ,不燃,不燃,資源,他プラ,リプラ,可燃,可燃,可燃,可燃,可燃,可燃,可燃,可燃
2020/1/15,水,リプラ,リプラ,不燃,リプラ,資源,他プラ,リプラ,リプラ,他プラ,,,リプラ,リプラ,他プラ,リプラ,リプラ,不燃
2020/1/16,木,可燃,可燃,可燃,可燃,可燃,可燃,可燃,可燃,可燃,リプラ,リプラ,,不燃,リプラ,他プラ,資源,他プラ
2020/1/17,金,,不燃,リプラ,,リプラ,リプラ,他プラ,資源,資源,可燃,可燃,可燃,可燃,可燃,可燃,可燃,可燃
2020/1/18,土,,,,,,,,,,,,,,,,,
2020/1/19,日,,,,,,,,,,,,,,,,,
2020/1/20,月,可燃,可燃,可燃,可燃,可燃,可燃,可燃,可燃,可燃,他プラ,資源,資源,資源,,,不燃,リプラ
2020/1/21,火,他プラ,他プラ,資源,資源,,,不燃,不燃,リプラ,可燃,可燃,可燃,可燃,可燃,可燃,可燃,可燃
2020/1/22,水,リプラ,リプラ,,リプラ,他プラ,資源,リプラ,リプラ,不燃,不燃,不燃,リプラ,リプラ,資源,リプラ,リプラ,不燃
2020/1/23,木,可燃,可燃,可燃,可燃,可燃,可燃,可燃,可燃,可燃,リプラ,リプラ,不燃,,リプラ,資源,他プラ,資源
2020/1/24,金,不燃,,リプラ,不燃,リプラ,リプラ,資源,他プラ,他プラ,可燃,可燃,可燃,可燃,可燃,可燃,可燃,可燃
2020/1/25,土,,,,,,,,,,,,,,,,,
2020/1/26,日,,,,,,,,,,,,,,,,,
2020/1/27,月,可燃,可燃,可燃,可燃,可燃,可燃,可燃,可燃,可燃,資源,他プラ,他プラ,他プラ,不燃,不燃,,リプラ
2020/1/28,火,資源,資源,他プラ,他プラ,不燃,不燃,,,リプラ,可燃,可燃,可燃,可燃,可燃,可燃,可燃,可燃
2020/1/29,水,リプラ,リプラ,,リプラ,,,リプラ,リプラ,,,,リプラ,リプラ,,リプラ,リプラ,
2020/1/30,木,可燃,可燃,可燃,可燃,可燃,可燃,可燃,可燃,可燃,リプラ,リプラ,,,リプラ,,,
2020/1/31,金,,,リプラ,,リプラ,リプラ,,,,可燃,可燃,可燃,可燃,可燃,可燃,可燃,可燃
2020/2/1,土,,,,,,,,,,,,,,,,,
2020/2/2,日,,,,,,,,,,,,,,,,,
2020/2/3,月,可燃,可燃,可燃,可燃,可燃,可燃,可燃,可燃,可燃,他プラ,資源,資源,資源,,,不燃,リプラ
2020/2/4,火,他プラ,他プラ,資源,資源,,,不燃,不燃,リプラ,可燃,可燃,可燃,可燃,可燃,可燃,可燃,可燃
2020/2/5,水,リプラ,リプラ,不燃,リプラ,資源,他プラ,リプラ,リプラ,不燃,,,リプラ,リプラ,他プラ,リプラ,リプラ,不燃
2020/2/6,木,可燃,可燃,可燃,可燃,可燃,可燃,可燃,可燃,可燃,リプラ,リプラ,,不燃,リプラ,他プラ,資源,他プラ
2020/2/7,金,,不燃,リプラ,,リプラ,リプラ,他プラ,資源,資源,可燃,可燃,可燃,可燃,可燃,可燃,可燃,可燃
2020/2/8,土,,,,,,,,,,,,,,,,,
2020/2/9,日,,,,,,,,,,,,,,,,,
2020/2/10,月,可燃,可燃,可燃,可燃,可燃,可燃,可燃,可燃,可燃,資源,他プラ,他プラ,他プラ,不燃,不燃,,リプラ
2020/2/11,火,資源,資源,他プラ,他プラ,不燃,不燃,,,,,,,,,,,
2020/2/12,水,リプラ,リプラ,,リプラ,他プラ,資源,リプラ,リプラ,,不燃,不燃,リプラ,リプラ,資源,リプラ,リプラ,
2020/2/13,木,可燃,可燃,可燃,可燃,可燃,可燃,可燃,可燃,可燃,リプラ,リプラ,不燃,,リプラ,資源,他プラ,資源
2020/2/14,金,不燃,,リプラ,不燃,リプラ,リプラ,資源,他プラ,他プラ,可燃,可燃,可燃,可燃,可燃,可燃,可燃,可燃
2020/2/15,土,,,,,,,,,,,,,,,,,
2020/2/16,日,,,,,,,,,,,,,,,,,
2020/2/17,月,可燃,可燃,可燃,可燃,可燃,可燃,可燃,可燃,可燃,他プラ,資源,資源,資源,,,不燃,リプラ
2020/2/18,火,他プラ,他プラ,資源,資源,,,不燃,不燃,リプラ,可燃,可燃,可燃,可燃,可燃,可燃,可燃,可燃
2020/2/19,水,リプラ,リプラ,不燃,リプラ,資源,他プラ,リプラ,リプラ,不燃,,,リプラ,リプラ,他プラ,リプラ,リプラ,不燃
2020/2/20,木,可燃,可燃,可燃,可燃,可燃,可燃,可燃,可燃,可燃,リプラ,リプラ,,不燃,リプラ,他プラ,資源,他プラ
2020/2/21,金,,不燃,リプラ,,リプラ,リプラ,他プラ,資源,資源,可燃,可燃,可燃,可燃,可燃,可燃,可燃,可燃
2020/2/22,土,,,,,,,,,,,,,,,,,
2020/2/23,日,,,,,,,,,,,,,,,,,
2020/2/24,月,,,,,,,,,,資源,他プラ,他プラ,他プラ,不燃,不燃,,
2020/2/25,火,資源,資源,他プラ,他プラ,不燃,不燃,,,リプラ,可燃,可燃,可燃,可燃,可燃,可燃,可燃,可燃
2020/2/26,水,リプラ,リプラ,,リプラ,他プラ,資源,リプラ,リプラ,,不燃,不燃,リプラ,リプラ,資源,リプラ,リプラ,
2020/2/27,木,可燃,可燃,可燃,可燃,可燃,可燃,可燃,可燃,可燃,リプラ,リプラ,不燃,,リプラ,資源,他プラ,資源
2020/2/28,金,不燃,,リプラ,不燃,リプラ,リプラ,資源,他プラ,他プラ,可燃,可燃,可燃,可燃,可燃,可燃,可燃,可燃
2020/2/29,土,,,,,,,,,,,,,,,,,
2020/3/1,日,,,,,,,,,,,,,,,,,
2020/3/2,月,可燃,可燃,可燃,可燃,可燃,可燃,可燃,可燃,可燃,他プラ,資源,資源,資源,,,不燃,リプラ
2020/3/3,火,他プラ,他プラ,資源,資源,,,不燃,不燃,リプラ,可燃,可燃,可燃,可燃,可燃,可燃,可燃,可燃
2020/3/4,水,リプラ,リプラ,不燃,リプラ,資源,他プラ,リプラ,リプラ,不燃,,,リプラ,リプラ,他プラ,リプラ,リプラ,不燃
2020/3/5,木,可燃,可燃,可燃,可燃,可燃,可燃,可燃,可燃,可燃,リプラ,リプラ,,不燃,リプラ,他プラ,資源,他プラ
2020/3/6,金,,不燃,リプラ,,リプラ,リプラ,他プラ,資源,資源,可燃,可燃,可燃,可燃,可燃,可燃,可燃,可燃
2020/3/7,土,,,,,,,,,,,,,,,,,
2020/3/8,日,,,,,,,,,,,,,,,,,
2020/3/9,月,可燃,可燃,可燃,可燃,可燃,可燃,可燃,可燃,可燃,資源,他プラ,他プラ,他プラ,不燃,不燃,,リプラ
2020/3/10,火,資源,資源,他プラ,他プラ,不燃,不燃,,,リプラ,可燃,可燃,可燃,可燃,可燃,可燃,可燃,可燃
2020/3/11,水,リプラ,リプラ,,リプラ,他プラ,資源,リプラ,リプラ,,不燃,不燃,リプラ,リプラ,資源,リプラ,リプラ,
2020/3/12,木,可燃,可燃,可燃,可燃,可燃,可燃,可燃,可燃,可燃,リプラ,リプラ,不燃,,リプラ,資源,他プラ,資源
2020/3/13,金,不燃,,リプラ,不燃,リプラ,リプラ,資源,他プラ,他プラ,可燃,可燃,可燃,可燃,可燃,可燃,可燃,可燃
2020/3/14,土,,,,,,,,,,,,,,,,,
2020/3/15,日,,,,,,,,,,,,,,,,,
2020/3/16,月,可燃,可燃,可燃,可燃,可燃,可燃,可燃,可燃,可燃,他プラ,資源,資源,資源,,,不燃,リプラ
2020/3/17,火,他プラ,他プラ,資源,資源,,,不燃,不燃,リプラ,可燃,可燃,可燃,可燃,可燃,可燃,可燃,可燃
2020/3/18,水,リプラ,リプラ,不燃,リプラ,資源,他プラ,リプラ,リプラ,不燃,,,リプラ,リプラ,他プラ,リプラ,リプラ,不燃
2020/3/19,木,可燃,可燃,可燃,可燃,可燃,可燃,可燃,可燃,可燃,リプラ,リプラ,,不燃,リプラ,他プラ,資源,他プラ
2020/3/20,金,,不燃,,,,,他プラ,資源,資源,,,,,,,,
2020/3/21,土,,,,,,,,,,,,,,,,,
2020/3/22,日,,,,,,,,,,,,,,,,,
2020/3/23,月,可燃,可燃,可燃,可燃,可燃,可燃,可燃,可燃,可燃,資源,他プラ,他プラ,他プラ,不燃,不燃,,リプラ
2020/3/24,火,資源,資源,他プラ,他プラ,不燃,不燃,,,リプラ,可燃,可燃,可燃,可燃,可燃,可燃,可燃,可燃
2020/3/25,水,リプラ,リプラ,,リプラ,他プラ,資源,リプラ,リプラ,,不燃,不燃,リプラ,リプラ,資源,リプラ,リプラ,
2020/3/26,木,可燃,可燃,可燃,可燃,可燃,可燃,可燃,可燃,可燃,リプラ,リプラ,不燃,,リプラ,資源,他プラ,資源
2020/3/27,金,不燃,,リプラ,不燃,リプラ,リプラ,資源,他プラ,他プラ,可燃,可燃,可燃,可燃,可燃,可燃,可燃,可燃
2020/3/28,土,,,,,,,,,,,,,,,,,
2020/3/29,日,,,,,,,,,,,,,,,,,
2020/3/30,月,可燃,可燃,可燃,可燃,可燃,可燃,可燃,可燃,可燃,,,,,,,,リプラ
2020/3/31,火,,,,,,,,,リプラ,可燃,可燃,可燃,可燃,可燃,可燃,可燃,可燃
